number,value,datetime_start,datetime_complete,duration,params_cnn_out,params_dropout_a,params_dropout_b,params_fc_hidden,params_fluct_hidden,params_lr,params_lstm_hidden_a,params_n_filters1,params_n_filters2,params_n_layers,params_trend_hidden,params_weight_decay,user_attrs_best_epoch,user_attrs_n_params,user_attrs_time_s,state
0,,2026-06-21 00:58:48.853620,,,16,0.39279757672456206,0.4394633936788146,32,96,0.0001025350969016849,16,96,128,2,256,0.0007969454818643932,,,,RUNNING
1,,2026-06-21 01:36:12.478518,2026-06-21 01:36:12.855432,0 days 00:00:00.376914,16,0.39279757672456206,0.4394633936788146,32,96,0.0001025350969016849,16,96,128,2,256,0.0007969454818643932,,,,FAIL
2,,2026-06-21 01:36:40.151635,2026-06-21 01:36:40.412311,0 days 00:00:00.260676,16,0.39279757672456206,0.4394633936788146,32,96,0.0001025350969016849,16,96,128,2,256,0.0007969454818643932,,,,FAIL
3,,2026-06-21 01:38:42.989935,2026-06-21 01:38:43.229960,0 days 00:00:00.240025,16,0.39279757672456206,0.4394633936788146,32,96,0.0001025350969016849,16,96,128,2,256,0.0007969454818643932,,,,FAIL
4,415.9560711481442,2026-06-21 02:11:29.884315,2026-06-21 02:13:42.627876,0 days 00:02:12.743561,16,0.39279757672456206,0.4394633936788146,32,96,0.0001025350969016849,16,96,128,2,256,0.0007969454818643932,6.0,968512.0,122.3,COMPLETE
5,524.1886587861283,2026-06-21 02:13:42.686114,2026-06-21 02:14:14.126393,0 days 00:00:31.440279,8,0.17272998688284025,0.27336180394137355,64,96,0.001764971584817572,32,128,256,1,128,2.6587543983272695e-05,1.0,261672.0,31.2,COMPLETE
6,453.86771888954604,2026-06-21 02:14:14.156393,2026-06-21 02:14:50.604084,0 days 00:00:36.447691,14,0.1798695128633439,0.4056937753654446,128,32,0.00017018418817029164,48,192,96,2,96,0.00037183641805732076,2.0,252898.0,36.2,COMPLETE
7,502.39953908716916,2026-06-21 02:14:50.629097,2026-06-21 02:16:32.810955,0 days 00:01:42.181858,10,0.3736932106048628,0.37606099749584054,64,64,6.639623079859457e-05,16,64,224,2,256,1.5679933916722995e-05,2.0,928358.0,102.0,COMPLETE
8,492.86561619268997,2026-06-21 02:16:32.836956,2026-06-21 02:17:38.882775,0 days 00:01:06.045819,8,0.48783385110582345,0.5100531293444458,32,32,0.00029891977384598987,48,256,352,1,256,2.3426581058204037e-05,1.0,635848.0,65.9,COMPLETE
9,628.9933425720816,2026-06-21 02:17:38.909296,2026-06-21 02:19:11.481566,0 days 00:01:32.572270,6,0.43149500366077176,0.3427013306774357,128,32,0.00011195109511439825,16,96,256,2,224,3.488976654890367e-05,1.0,754410.0,92.4,COMPLETE
10,456.4039637481252,2026-06-21 02:19:11.506535,2026-06-21 02:20:01.378583,0 days 00:00:49.872048,4,0.38274293753904687,0.4916028672163949,64,128,1.0349134435467584e-05,32,224,96,2,64,0.0004274869455295214,7.0,360812.0,49.7,COMPLETE
11,529.5445271646191,2026-06-21 02:20:01.406381,2026-06-21 02:22:27.074040,0 days 00:02:25.667659,10,0.39184247133522565,0.4550229885420852,128,128,6.907675985896193e-05,16,256,224,2,192,4.4706085467784903e-05,3.0,887974.0,145.5,COMPLETE
12,482.540574718852,2026-06-21 02:22:27.102078,2026-06-21 02:23:24.503426,0 days 00:00:57.401348,14,0.11016765069763808,0.24315657079732178,64,128,0.0002575373524861559,32,64,288,1,160,7.162786999897333e-05,2.0,291266.0,57.2,COMPLETE
13,455.6544572096272,2026-06-21 02:23:24.532249,2026-06-21 02:24:40.818959,0 days 00:01:16.286710,10,0.21590058116550723,0.26448851490160175,128,128,4.144950855435078e-05,48,256,352,1,256,1.425475704402744e-05,6.0,741606.0,76.1,COMPLETE
14,523.5182064646845,2026-06-21 02:24:40.845665,2026-06-21 02:26:16.148488,0 days 00:01:35.302823,12,0.31925559415572863,0.4656424971842767,32,64,0.000392846866693306,48,160,160,2,256,0.00045398396282637487,1.0,995044.0,95.1,COMPLETE
15,445.93859933291264,2026-06-21 02:26:16.173527,2026-06-21 02:28:39.823840,0 days 00:02:23.650313,14,0.4177233123926122,0.5421885621415092,32,128,0.00014050581611521094,16,96,192,2,192,0.00020732491535031572,3.0,731362.0,143.5,COMPLETE
16,486.2499035989622,2026-06-21 02:28:39.853966,2026-06-21 02:30:19.012827,0 days 00:01:39.158861,14,0.39680997366424586,0.521409327933666,32,128,0.0005838527379191237,32,96,224,2,160,0.0001444262649788946,1.0,629730.0,98.9,COMPLETE
17,421.986355673972,2026-06-21 02:30:19.038185,2026-06-21 02:32:44.440452,0 days 00:02:25.402267,12,0.4538637978097266,0.46812446867230595,96,96,1.903725189250493e-05,32,160,224,2,256,0.00037506581837530817,11.0,1095396.0,145.2,COMPLETE
18,423.32148318388,2026-06-21 02:32:44.468472,2026-06-21 02:35:17.967167,0 days 00:02:33.498695,12,0.41717583560019067,0.39629234333204677,96,128,2.0378375154626227e-05,32,160,192,2,256,0.0003652753400791305,10.0,1165764.0,153.3,COMPLETE
19,422.5644736309478,2026-06-21 02:35:17.994916,2026-06-21 02:37:57.294980,0 days 00:02:39.300064,12,0.2899411571399643,0.5042456601715254,64,32,2.7560624860872738e-05,16,96,160,2,224,0.0009743151743360607,15.0,701028.0,159.1,COMPLETE
20,446.90412492502236,2026-06-21 02:37:57.318987,2026-06-21 02:38:56.505235,0 days 00:00:59.186248,16,0.394167633254303,0.3062323870788067,32,32,0.0010812997389435394,16,128,128,1,256,0.0005383436973870552,1.0,342752.0,59.0,COMPLETE
21,460.5854291008347,2026-06-21 02:38:56.528551,2026-06-21 02:40:33.788581,0 days 00:01:37.260030,8,0.4991398312967766,0.5034202413559253,64,64,3.0108794616979977e-05,32,160,160,2,224,9.70526891352201e-05,1.0,793320.0,97.1,COMPLETE
22,412.5395814343152,2026-06-21 02:40:33.813987,2026-06-21 02:42:15.339746,0 days 00:01:41.525759,16,0.24335608598462785,0.4344347461853405,32,96,0.00033751055641799226,16,64,96,2,224,0.000968571926585666,2.0,761088.0,101.3,COMPLETE
23,472.2954583732518,2026-06-21 02:42:15.375750,2026-06-21 02:44:17.752296,0 days 00:02:02.376546,12,0.2516612545484533,0.3217607493354026,32,96,0.0009922796375078473,16,64,192,2,192,0.0006763367795871802,1.0,624420.0,122.2,COMPLETE
24,503.92112478045607,2026-06-21 02:44:17.776688,2026-06-21 02:45:55.206253,0 days 00:01:37.429565,14,0.1672519426335799,0.531705044783906,32,64,0.0006510485470796362,16,64,160,2,224,0.0003439057569755674,1.0,714402.0,97.2,COMPLETE
25,436.18287449188097,2026-06-21 02:45:55.232244,2026-06-21 02:47:47.543151,0 days 00:01:52.310907,16,0.23211784049292908,0.5022112033746132,32,128,0.00019192207068069954,48,64,128,2,256,0.0006068178773622957,2.0,1085216.0,112.1,COMPLETE
26,450.66917259226864,2026-06-21 02:47:47.569692,2026-06-21 02:49:41.007014,0 days 00:01:53.437322,12,0.47161471781745484,0.456806003140073,96,64,3.395534113032391e-05,48,192,352,2,224,0.00029742748062007733,5.0,992836.0,113.2,COMPLETE
27,400.8166468286965,2026-06-21 02:49:41.036546,2026-06-21 02:53:56.478737,0 days 00:04:15.442191,16,0.4022059412040934,0.47042456473270206,32,64,2.5689160438688767e-05,16,96,96,2,224,0.0005223294407592955,36.0,707872.0,255.2,COMPLETE
28,416.0035681938317,2026-06-21 02:53:56.518718,2026-06-21 02:57:53.355615,0 days 00:03:56.836897,14,0.47551423965671863,0.3814122372039839,32,64,1.6684467831957315e-05,32,64,160,2,192,0.00014805972366383749,22.0,572802.0,236.6,COMPLETE
29,423.5618867119656,2026-06-21 02:57:53.383925,2026-06-21 02:59:55.169473,0 days 00:02:01.785548,16,0.3610561489740649,0.43296622941359414,32,64,0.00022459686119760073,16,96,160,2,256,0.0009472540412235974,3.0,916576.0,121.5,COMPLETE
30,407.8688323162239,2026-06-21 02:59:55.204447,2026-06-21 03:04:58.054556,0 days 00:05:02.850109,16,0.4783926452729976,0.39870229990331385,64,32,1.6824561887680406e-05,16,192,96,2,192,0.0006520788660039256,30.0,545472.0,302.6,COMPLETE
31,403.9640686372985,2026-06-21 03:04:58.087584,2026-06-21 03:07:07.297872,0 days 00:02:09.210288,16,0.43694991705673186,0.22608284615738286,64,32,1.5895226816355455e-05,16,192,96,2,128,0.0006306604141259993,45.0,294080.0,128.9,COMPLETE
32,429.2333827593096,2026-06-21 03:07:07.335464,2026-06-21 03:08:52.078962,0 days 00:01:44.743498,12,0.34981270859912356,0.23222648689387348,32,64,2.1558733624306323e-05,16,224,160,2,96,0.0005055940530740718,32.0,296612.0,104.5,COMPLETE
33,424.44412176398436,2026-06-21 03:08:52.114333,2026-06-21 03:14:19.030514,0 days 00:05:26.916181,16,0.4915621951989521,0.4701674764012257,32,64,1.7290656310782887e-05,16,224,96,2,192,0.0009758932039101633,33.0,586400.0,326.6,COMPLETE
34,404.89846335223353,2026-06-21 03:14:19.061332,2026-06-21 03:15:48.339087,0 days 00:01:29.277755,16,0.3651798653943628,0.41147431729067546,64,32,2.408333573477168e-05,32,160,128,2,128,0.00028373851594205976,24.0,319424.0,89.0,COMPLETE
35,419.8868709247766,2026-06-21 03:15:48.371260,2026-06-21 03:18:33.774302,0 days 00:02:45.403042,16,0.39823858657574346,0.30818702494865624,96,32,6.20898458738315e-05,16,160,192,2,192,0.00030482312711043965,7.0,595520.0,165.1,COMPLETE
36,425.2003939320847,2026-06-21 03:18:33.808653,2026-06-21 03:22:32.616672,0 days 00:03:58.808019,16,0.39960905853935336,0.3122305283597753,64,32,1.712830899538758e-05,16,256,128,2,160,0.00047296090276237356,28.0,454176.0,238.5,COMPLETE
37,397.5322707026437,2026-06-21 03:22:32.654335,2026-06-21 03:28:07.927469,0 days 00:05:35.273134,16,0.49385188479514275,0.35307023175311025,64,32,1.1526106603399915e-05,32,128,96,2,160,0.0005570487243115347,47.0,403328.0,335.0,COMPLETE
38,403.088079704672,2026-06-21 03:28:07.979364,2026-06-21 03:29:23.664222,0 days 00:01:15.684858,16,0.3915048076930223,0.4260355419410331,64,32,2.2071003978461548e-05,48,160,160,2,96,0.00022897159377290174,17.0,276192.0,75.4,COMPLETE
39,455.00956377311456,2026-06-21 03:29:23.699276,2026-06-21 03:30:08.116552,0 days 00:00:44.417276,14,0.3843558930993957,0.4526954496253523,64,64,0.00016756444653301413,48,224,224,2,96,0.00023427678115975285,2.0,403714.0,44.2,COMPLETE
40,429.9659143467073,2026-06-21 03:30:08.150775,2026-06-21 03:30:54.920274,0 days 00:00:46.769499,16,0.3045228944710724,0.34963095850709147,32,32,0.0002670983253206165,64,128,160,2,64,0.0006565851910626325,4.0,224384.0,46.5,COMPLETE
41,414.39615330622945,2026-06-21 03:30:54.950896,2026-06-21 03:32:00.215633,0 days 00:01:05.264737,16,0.3715725202244411,0.2922281041407696,32,32,2.4441087855003107e-05,16,128,128,1,96,0.00035849280960693414,20.0,109792.0,65.0,COMPLETE
42,444.3239070486755,2026-06-21 03:32:00.246713,2026-06-21 03:34:08.810960,0 days 00:02:08.564247,10,0.42883559498827856,0.2050124204372118,64,32,3.163975594337057e-05,16,128,96,2,192,0.0004724468873927397,1.0,526118.0,128.3,COMPLETE
43,410.203798434388,2026-06-21 03:34:08.842959,2026-06-21 03:35:05.620030,0 days 00:00:56.777071,14,0.4528366015555987,0.3847320837670396,96,64,4.544378535194204e-05,48,96,128,2,128,0.0007935325621152979,8.0,364002.0,56.5,COMPLETE
44,404.4325886349912,2026-06-21 03:35:05.649545,2026-06-21 03:36:30.263433,0 days 00:01:24.613888,16,0.44426104801027555,0.20141255837907007,64,32,2.4834422795917535e-05,32,160,96,2,128,0.0004424939341166352,22.0,299936.0,84.3,COMPLETE
45,400.34455863043775,2026-06-21 03:36:30.298384,2026-06-21 03:37:32.085886,0 days 00:01:01.787502,14,0.4594566495030247,0.22523927448573947,64,32,3.644489374035936e-05,48,96,96,2,96,0.0009371114552196956,11.0,213250.0,61.5,COMPLETE
46,427.13529765169255,2026-06-21 03:37:32.118719,2026-06-21 03:38:21.692764,0 days 00:00:49.574045,12,0.36686136293067745,0.2810283528026848,32,32,6.423179208045411e-05,48,96,128,2,96,0.00046353278008349564,5.0,223876.0,49.3,COMPLETE
47,422.54439485691915,2026-06-21 03:38:21.723761,2026-06-21 03:40:19.179417,0 days 00:01:57.455656,12,0.4937465276024951,0.21552915327592842,96,64,1.0967131021012177e-05,48,96,160,2,64,0.0006816929670037478,40.0,224548.0,117.2,COMPLETE
48,418.90797393341654,2026-06-21 03:40:19.212673,2026-06-21 03:41:18.041524,0 days 00:00:58.828851,16,0.4659086170428637,0.5095039951850207,32,32,3.814545046925752e-05,64,192,192,2,64,2.7669366199683396e-05,10.0,283360.0,58.6,COMPLETE
49,409.00762141432034,2026-06-21 03:41:18.074526,2026-06-21 03:42:32.229095,0 days 00:01:14.154569,14,0.4746763422469188,0.43132313089069313,64,32,2.3368201502105655e-05,48,192,96,2,64,0.00019176100168320773,18.0,179042.0,73.9,COMPLETE
50,401.07801999735665,2026-06-21 03:42:32.259693,2026-06-21 03:45:35.241306,0 days 00:03:02.981613,16,0.4438072092936049,0.373190035935265,64,32,3.076454300216867e-05,48,96,160,2,192,0.0008372913262244479,10.0,584096.0,182.8,COMPLETE
51,397.00273534951873,2026-06-21 03:45:35.269539,2026-06-21 03:47:24.590632,0 days 00:01:49.321093,16,0.4729425074315336,0.25758661102194,64,32,1.4356736697040734e-05,48,64,96,2,96,0.0006893259863618241,35.0,203072.0,109.1,COMPLETE
52,390.2168067241594,2026-06-21 03:47:24.636691,2026-06-21 03:49:09.404941,0 days 00:01:44.768250,16,0.36258360027241643,0.253218665657523,32,96,1.3689737308032581e-05,64,64,96,2,64,0.0005205445634143417,33.0,265216.0,104.6,COMPLETE
53,414.9589964683258,2026-06-21 03:49:09.447420,2026-06-21 03:50:00.643416,0 days 00:00:51.195996,16,0.3573882470655155,0.21762254973160255,32,128,0.00014357116532267796,64,64,192,2,64,0.0006559715846438793,5.0,396128.0,51.0,COMPLETE
54,413.53192893656956,2026-06-21 03:50:00.671413,2026-06-21 03:51:20.887641,0 days 00:01:20.216228,14,0.38061979402701523,0.24477383489007015,32,96,1.712446154367484e-05,64,96,96,2,128,0.00028464078267081093,18.0,426274.0,80.0,COMPLETE
55,404.4918880521586,2026-06-21 03:51:20.917301,2026-06-21 03:55:51.844969,0 days 00:04:30.927668,16,0.335947981027609,0.35054152013113815,64,64,2.1902987517635916e-05,48,64,224,2,192,0.0006895534770683795,24.0,632256.0,270.7,COMPLETE
56,389.07596864237195,2026-06-21 03:55:51.875385,2026-06-21 04:02:04.465490,0 days 00:06:12.590105,16,0.40068914134144457,0.4680141612335506,32,96,1.3176703749637923e-05,32,128,96,2,256,0.0009742779655128156,47.0,983104.0,372.4,COMPLETE
57,406.51147354656547,2026-06-21 04:02:04.510176,2026-06-21 04:06:03.807692,0 days 00:03:59.297516,14,0.3984268710164139,0.4642319102745713,32,64,1.4093262210045877e-05,32,96,128,2,256,0.0009899591420944737,25.0,923266.0,239.1,COMPLETE
58,399.7079011603348,2026-06-21 04:06:03.837691,2026-06-21 04:08:22.986405,0 days 00:02:19.148714,16,0.31343881281614466,0.2396182585333802,64,128,1.0240377132375828e-05,48,64,96,2,96,0.000700027383444586,51.0,395840.0,139.0,COMPLETE
59,395.9147043556225,2026-06-21 04:08:23.012565,2026-06-21 04:09:31.049962,0 days 00:01:08.037397,16,0.2765651580692832,0.2160252558808489,96,128,2.404521355503091e-05,48,96,128,2,64,0.0009217522329575665,17.0,363712.0,67.9,COMPLETE
60,403.8524637785438,2026-06-21 04:09:31.077485,2026-06-21 04:11:38.161224,0 days 00:02:07.083739,16,0.2526093561297851,0.32368665595810153,96,128,1.274250465623251e-05,48,128,96,2,64,0.0009765881694603841,48.0,358336.0,126.9,COMPLETE
61,402.50690987857587,2026-06-21 04:11:38.190734,2026-06-21 04:12:59.306541,0 days 00:01:21.115807,14,0.18560499170365014,0.24683314576045567,64,128,2.4024229030113416e-05,48,64,224,2,128,0.0007718322926670489,13.0,534114.0,80.9,COMPLETE
62,405.73114943888646,2026-06-21 04:12:59.332454,2026-06-21 04:14:51.617007,0 days 00:01:52.284553,14,0.27208080016156777,0.21613329980326035,64,96,1.0877486661338216e-05,48,64,128,2,96,0.00067252558630676,41.0,319490.0,112.1,COMPLETE
63,396.84531385037167,2026-06-21 04:14:51.647007,2026-06-21 04:16:20.959104,0 days 00:01:29.312097,16,0.3713617214871774,0.2928399377102546,32,96,2.935142562079432e-05,64,64,96,2,64,0.0003474388639714805,29.0,265216.0,89.1,COMPLETE
64,418.8017691880014,2026-06-21 04:16:20.983071,2026-06-21 04:17:10.516036,0 days 00:00:49.532965,14,0.4094549584110968,0.3948421071870293,32,96,3.347993975918509e-05,64,64,160,2,64,0.0001990105133818397,7.0,293954.0,49.3,COMPLETE
65,395.5684003747013,2026-06-21 04:17:10.545036,2026-06-21 04:19:17.936848,0 days 00:02:07.391812,16,0.37598179104861384,0.31931487706566475,32,96,1.4728559812932368e-05,64,64,96,2,64,0.0007957058035832982,50.0,265216.0,127.2,COMPLETE
66,439.7128146586133,2026-06-21 04:19:17.964850,2026-06-21 04:20:03.672438,0 days 00:00:45.707588,14,0.15405074882702732,0.20386373278959832,96,128,9.861702554647635e-05,48,128,160,2,64,0.0002567978211480461,4.0,395554.0,45.5,COMPLETE
67,388.68474130714213,2026-06-21 04:20:03.703167,2026-06-21 04:21:10.581558,0 days 00:01:06.878391,16,0.3514853006611804,0.3358408916374139,32,128,1.700215137939732e-05,64,128,128,1,64,0.0005952465169746121,23.0,194912.0,66.7,COMPLETE
68,402.92772304719864,2026-06-21 04:21:10.623480,2026-06-21 04:21:49.983205,0 days 00:00:39.359725,16,0.22759282250092522,0.41869569801786977,64,96,0.00010485881830179272,64,160,96,1,96,0.0007019597684593242,6.0,182944.0,39.1,COMPLETE
69,410.0870143945063,2026-06-21 04:21:50.008539,2026-06-21 04:26:46.068944,0 days 00:04:56.060405,16,0.31936488678589536,0.5754796913278076,32,128,1.0060656363510416e-05,32,96,160,2,256,0.0006539723153966323,32.0,1087584.0,295.9,COMPLETE
70,410.33578094653166,2026-06-21 04:26:46.097637,2026-06-21 04:27:24.697536,0 days 00:00:38.599899,12,0.27368522519448923,0.36328833276187916,32,128,2.458904148082101e-05,48,128,128,1,96,0.000755900323345196,5.0,201252.0,38.4,COMPLETE
71,405.1429917325487,2026-06-21 04:27:24.723488,2026-06-21 04:28:21.537590,0 days 00:00:56.814102,16,0.4404743249045575,0.2559779565361486,128,128,4.5676050574348116e-05,48,128,192,2,64,0.0008243886892430425,10.0,420448.0,56.6,COMPLETE
72,403.7409054703276,2026-06-21 04:28:21.566454,2026-06-21 04:33:36.478492,0 days 00:05:14.912038,14,0.38226474961796697,0.4348199310875752,64,128,1.1200359613581167e-05,32,160,96,2,256,0.0006492058931697007,35.0,1093986.0,314.7,COMPLETE
73,397.5575823072678,2026-06-21 04:33:36.513070,2026-06-21 04:35:28.868110,0 days 00:01:52.355040,16,0.3841042454588989,0.4053255876036086,64,96,1.23683332343299e-05,64,128,96,2,96,0.00041161602539941837,40.0,355200.0,112.1,COMPLETE
74,402.2028017679638,2026-06-21 04:35:28.902005,2026-06-21 04:36:05.477418,0 days 00:00:36.575413,14,0.40391031629900687,0.35236706444345856,32,128,5.5325975939897516e-05,64,128,128,1,64,0.0006355847267604571,3.0,194914.0,36.4,COMPLETE
75,399.77143860586136,2026-06-21 04:36:05.507524,2026-06-21 04:37:20.869745,0 days 00:01:15.362221,16,0.3917522337194978,0.32176730032851975,32,64,2.1620359387404947e-05,64,96,128,2,96,0.0008174240543829516,21.0,292672.0,75.1,COMPLETE
76,389.9164974709329,2026-06-21 04:37:20.901313,2026-06-21 04:39:07.565048,0 days 00:01:46.663735,16,0.3218086915856025,0.3285733343233695,32,96,1.0021133558495682e-05,64,128,96,1,64,0.000218903883765373,48.0,144192.0,106.4,COMPLETE
77,402.1068343736525,2026-06-21 04:39:07.592511,2026-06-21 04:39:54.465486,0 days 00:00:46.872975,14,0.30850664131344213,0.36086458894595314,32,96,1.1034280628871893e-05,64,96,128,1,64,0.0002281796942505019,11.0,151618.0,46.6,COMPLETE
78,391.513629232751,2026-06-21 04:39:54.497752,2026-06-21 04:41:42.240850,0 days 00:01:47.743098,16,0.28287863255966195,0.289134999431877,32,64,1.748731902887558e-05,64,64,96,2,64,0.0002256125374098191,39.0,201984.0,107.4,COMPLETE
79,423.08480237418127,2026-06-21 04:41:42.273877,2026-06-21 04:42:32.951340,0 days 00:00:50.677463,16,0.15836213677513972,0.26676258534817726,32,64,6.765447020748556e-05,64,64,160,2,96,0.00030860464380518796,8.0,293952.0,50.4,COMPLETE
80,397.96260424190615,2026-06-21 04:42:32.986143,2026-06-21 04:44:24.341308,0 days 00:01:51.355165,14,0.3065896133968344,0.3306480368157947,32,96,1.3379199310996278e-05,64,64,96,2,64,0.0005302239684954031,42.0,265218.0,111.1,COMPLETE
81,407.76584503241565,2026-06-21 04:44:24.372315,2026-06-21 04:45:40.932217,0 days 00:01:16.559902,14,0.3120848800247535,0.21582811723436124,128,128,2.329512097026652e-05,32,64,96,2,64,0.0006239500254948817,22.0,323458.0,76.3,COMPLETE
82,405.3799336733381,2026-06-21 04:45:40.963696,2026-06-21 04:46:42.681895,0 days 00:01:01.718199,16,0.28293288335337785,0.3552263597723634,64,64,2.9630720469254906e-05,64,64,96,2,96,6.30637000585698e-05,13.0,270912.0,61.5,COMPLETE
83,393.0993234858081,2026-06-21 04:46:42.714152,2026-06-21 04:47:30.095873,0 days 00:00:47.381721,16,0.4739858406593425,0.40888213758863745,64,128,1.4835918391704483e-05,64,128,288,1,96,0.0003788247325339217,10.0,327232.0,47.1,COMPLETE
84,404.2576143376894,2026-06-21 04:47:30.133889,2026-06-21 04:48:06.569649,0 days 00:00:36.435760,14,0.4833045720631619,0.5097843980458936,96,128,3.856277046068809e-05,48,96,256,1,64,0.0002668850052395706,3.0,241378.0,36.2,COMPLETE
85,392.7746252623761,2026-06-21 04:48:06.600899,2026-06-21 04:50:47.088844,0 days 00:02:40.487945,14,0.39761975873456923,0.546026599515441,32,96,1.773123222991382e-05,48,192,96,1,192,0.000769934109016598,33.0,287778.0,160.2,COMPLETE
86,399.8626912766431,2026-06-21 04:50:47.123405,2026-06-21 04:52:16.586765,0 days 00:01:29.463360,16,0.3842598897845495,0.5715999764713215,32,96,7.694824240210221e-05,48,224,96,1,192,0.000715795429726414,9.0,297760.0,89.1,COMPLETE
87,405.22931393841685,2026-06-21 04:52:16.622355,2026-06-21 04:53:43.168223,0 days 00:01:26.545868,16,0.48217393291964633,0.27911155453973724,64,128,1.7086627048003248e-05,48,160,224,1,128,0.0001048585189542309,33.0,317856.0,86.3,COMPLETE
88,415.57121832484984,2026-06-21 04:53:43.201723,2026-06-21 04:54:22.403242,0 days 00:00:39.201519,12,0.4747118655668936,0.4751102070398353,64,96,1.3774127315918342e-05,64,192,288,1,64,0.0005544977233736005,5.0,330116.0,39.0,COMPLETE
89,399.3265815720261,2026-06-21 04:54:22.435022,2026-06-21 04:55:05.825802,0 days 00:00:43.390780,16,0.42994346270248857,0.43617282189226875,32,128,1.936523349697552e-05,64,128,256,1,64,0.00017484146122893917,7.0,276960.0,43.2,COMPLETE
90,411.9175622925053,2026-06-21 04:55:05.862802,2026-06-21 04:55:44.421109,0 days 00:00:38.558307,12,0.468019262346696,0.335530484850093,32,128,3.138726272776118e-05,48,96,320,1,128,0.0004176469218404324,3.0,310724.0,38.3,COMPLETE
91,403.3408724329832,2026-06-21 04:55:44.454110,2026-06-21 04:56:21.964921,0 days 00:00:37.510811,14,0.31445838317472136,0.2812027441060473,32,64,3.053286350952591e-05,64,192,96,1,96,0.00010824425243693517,4.0,164226.0,37.3,COMPLETE
92,408.0051317079235,2026-06-21 04:56:22.325210,2026-06-21 04:57:53.052142,0 days 00:01:30.726932,16,0.49787078632406984,0.4686236274142243,64,128,6.331301666673782e-05,64,128,224,1,160,0.0008179882701069327,12.0,356864.0,90.5,COMPLETE
93,425.8579208491959,2026-06-21 04:57:53.084548,2026-06-21 04:59:02.020815,0 days 00:01:08.936267,10,0.44495207580415647,0.48427834939348363,64,64,2.1452019011114583e-05,48,192,96,1,192,0.0009672124604400041,3.0,274982.0,68.7,COMPLETE
94,392.67539870738017,2026-06-21 04:59:02.054329,2026-06-21 05:02:50.262657,0 days 00:03:48.208328,14,0.29495162533131186,0.435369348787102,64,96,1.0098380484021879e-05,32,224,96,1,192,0.0005422285859104958,54.0,296098.0,228.0,COMPLETE
95,419.36313321511705,2026-06-21 05:02:50.291662,2026-06-21 05:04:07.814923,0 days 00:01:17.523261,12,0.37877833490613105,0.5595798284073519,64,128,1.5495473104538106e-05,48,160,96,1,192,0.00022775273228701923,4.0,319076.0,77.3,COMPLETE
96,394.9124111749338,2026-06-21 05:04:07.853700,2026-06-21 05:06:24.330185,0 days 00:02:16.476485,16,0.28178466795373147,0.4377384959986768,64,96,3.959444573147275e-05,16,224,128,1,160,0.0007270238104277859,30.0,262272.0,136.2,COMPLETE
97,403.2126261353927,2026-06-21 05:06:24.363379,2026-06-21 05:07:05.972973,0 days 00:00:41.609594,14,0.24947660930994756,0.4909483151580376,64,96,1.1284370318566018e-05,32,224,160,1,96,0.0002586051031635829,7.0,229090.0,41.4,COMPLETE
98,416.1001794940733,2026-06-21 05:07:06.000975,2026-06-21 05:08:34.424096,0 days 00:01:28.423121,10,0.26674090668238815,0.40480956955148034,32,96,1.6686375450824235e-05,32,224,128,1,192,0.0003732468157485524,9.0,311942.0,88.2,COMPLETE
99,408.7568042247126,2026-06-21 05:08:34.456607,2026-06-21 05:10:14.675049,0 days 00:01:40.218442,16,0.2093586410037302,0.4459194648730818,32,64,3.101753976332649e-05,32,256,160,1,256,0.0002293113154947136,12.0,449280.0,100.0,COMPLETE
100,412.9060123078859,2026-06-21 05:10:14.709300,2026-06-21 05:14:30.593227,0 days 00:04:15.883927,14,0.18525115731126213,0.4852018426074805,96,128,1.165849934944793e-05,16,256,160,1,224,0.0009028619486246416,76.0,448866.0,255.7,COMPLETE
101,451.58481346254325,2026-06-21 05:14:30.623612,2026-06-21 05:15:32.179915,0 days 00:01:01.556303,14,0.3340059056046406,0.38297004725594386,32,96,0.00044484951666443734,32,224,224,1,160,0.0008115825736167896,2.0,342114.0,61.3,COMPLETE
102,391.97345254493956,2026-06-21 05:15:32.213313,2026-06-21 05:19:30.337935,0 days 00:03:58.124622,16,0.31126782693619903,0.47387960521338796,64,128,1.1052240582808256e-05,32,224,96,1,224,0.0003413303078504186,55.0,382944.0,237.9,COMPLETE
103,406.1991314306322,2026-06-21 05:19:30.373210,2026-06-21 05:21:10.658921,0 days 00:01:40.285711,16,0.3708770092183505,0.5077242840715915,128,96,3.123155750384958e-05,48,256,128,1,224,8.376488641038241e-05,12.0,425760.0,100.0,COMPLETE
104,429.6841136230196,2026-06-21 05:21:10.691921,2026-06-21 05:22:21.204413,0 days 00:01:10.512492,14,0.17419179566810644,0.5334948394957321,64,96,0.00011952568765979876,32,160,160,1,192,0.0009622371431551224,3.0,315042.0,70.3,COMPLETE
105,415.3690001071337,2026-06-21 05:22:21.239431,2026-06-21 05:24:51.459733,0 days 00:02:30.220302,14,0.37164295015561427,0.5509019410655479,64,128,2.39435581560913e-05,16,224,128,1,192,0.0003354056512038711,26.0,341346.0,150.0,COMPLETE
106,412.44217397715283,2026-06-21 05:24:51.492736,2026-06-21 05:26:57.668238,0 days 00:02:06.175502,14,0.28106082312583247,0.5061801434054685,64,64,3.5359862976162743e-05,16,224,192,1,192,0.0007772572925360475,22.0,334242.0,126.0,COMPLETE
107,398.44376955851624,2026-06-21 05:26:57.701241,2026-06-21 05:27:43.413965,0 days 00:00:45.712724,14,0.38695611813587866,0.43040422000752987,64,128,1.2721240771479618e-05,64,128,384,1,96,0.00038615221142905386,9.0,388898.0,45.5,COMPLETE
108,404.7845684743923,2026-06-21 05:27:43.448369,2026-06-21 05:30:23.293977,0 days 00:02:39.845608,14,0.2795591503980003,0.3851400250986415,96,64,1.3099441433783318e-05,48,256,96,1,192,0.00029728747768337563,34.0,303586.0,159.6,COMPLETE
109,411.2190717853441,2026-06-21 05:30:23.327546,2026-06-21 05:32:25.787366,0 days 00:02:02.459820,14,0.41777268212090807,0.503443596252185,32,64,1.6814264522935347e-05,48,192,224,1,224,0.00021232158726995005,19.0,418978.0,122.1,COMPLETE
110,386.74347521968616,2026-06-21 05:32:25.821444,2026-06-21 05:35:09.102533,0 days 00:02:43.281089,16,0.37371351055732843,0.3462435683380453,32,128,1.3144330449347608e-05,32,224,96,1,224,0.00038152104782527185,31.0,371104.0,163.0,COMPLETE
111,419.151020665583,2026-06-21 05:35:09.153243,2026-06-21 05:37:05.633264,0 days 00:01:56.480021,16,0.46421750405180534,0.3110138827569662,64,128,4.683434537292085e-05,48,256,96,1,224,0.00013307995568003517,16.0,404608.0,116.2,COMPLETE
112,408.7950089898359,2026-06-21 05:37:05.662318,2026-06-21 05:39:09.439722,0 days 00:02:03.777404,16,0.3291644274570936,0.37957150659875716,64,96,1.8858044736278678e-05,16,192,160,1,256,0.0004349907489435123,19.0,437120.0,123.5,COMPLETE
113,403.4672965371543,2026-06-21 05:39:09.473967,2026-06-21 05:40:49.074765,0 days 00:01:39.600798,16,0.2756458898320633,0.3049273252314409,64,128,3.1835676582408665e-05,48,256,160,1,192,0.0009205843808329659,10.0,410304.0,99.4,COMPLETE
114,389.054703737148,2026-06-21 05:40:49.102874,2026-06-21 05:44:27.848326,0 days 00:03:38.745452,16,0.4200718650054816,0.5001334975484486,32,128,1.7429532983582655e-05,32,192,96,1,192,0.0005331492527344878,47.0,306304.0,218.5,COMPLETE
115,386.3619578840546,2026-06-21 05:44:27.875500,2026-06-21 05:48:40.511186,0 days 00:04:12.635686,16,0.492623823053729,0.5029574186131739,32,128,1.3317299968424088e-05,16,128,128,1,224,0.0006939361098764166,73.0,345824.0,252.4,COMPLETE
116,411.01931219834427,2026-06-21 05:48:40.555246,2026-06-21 05:51:16.095869,0 days 00:02:35.540623,12,0.4667439262077147,0.45603108253976915,32,128,1.8597195730254275e-05,16,192,128,1,224,0.0008209189028618839,30.0,372196.0,155.3,COMPLETE
117,392.18141927556945,2026-06-21 05:51:16.120962,2026-06-21 05:53:44.758736,0 days 00:02:28.637774,16,0.492578843273783,0.5130251554958735,32,128,2.563660626063468e-05,32,160,96,1,224,0.00036421402562791593,28.0,351072.0,148.4,COMPLETE
118,405.4702709509046,2026-06-21 05:53:44.788762,2026-06-21 05:57:05.790049,0 days 00:03:21.001287,14,0.3636688661602937,0.41903254562449815,32,128,1.4211014084731228e-05,16,64,160,1,192,0.00039165350202735724,42.0,273186.0,200.8,COMPLETE
119,398.03020849553616,2026-06-21 05:57:05.819221,2026-06-21 05:59:51.646100,0 days 00:02:45.826879,16,0.3985215769105153,0.3962966029979878,32,128,1.2105339578396859e-05,32,160,160,1,224,0.00025016179238419964,33.0,390048.0,165.6,COMPLETE
120,400.35913565197933,2026-06-21 05:59:51.669621,2026-06-21 06:02:18.454505,0 days 00:02:26.784884,16,0.32315919204659493,0.3230123697677099,32,128,1.1594603976705252e-05,32,256,96,1,192,0.0002128193778361421,25.0,326336.0,146.6,COMPLETE
121,386.84557642552926,2026-06-21 06:02:18.484440,2026-06-21 06:04:49.581091,0 days 00:02:31.096651,16,0.4551563771141004,0.5613234770354079,32,128,2.482882509062261e-05,16,160,128,1,256,0.00017606187685753955,27.0,421888.0,150.8,COMPLETE
122,400.77068334023636,2026-06-21 06:04:49.605600,2026-06-21 06:06:35.742450,0 days 00:01:46.136850,16,0.47503161216751716,0.520733556299523,32,128,5.50080936240163e-05,16,128,96,1,256,0.0003324201273676078,13.0,394432.0,105.9,COMPLETE
123,401.1605040379723,2026-06-21 06:06:35.778422,2026-06-21 06:08:13.099212,0 days 00:01:37.320790,16,0.3733734366025686,0.5481202369527474,32,128,6.0804663883422726e-05,32,192,96,1,256,6.412291035841946e-05,10.0,424064.0,97.1,COMPLETE
124,393.2559400377825,2026-06-21 06:08:13.130703,2026-06-21 06:11:00.566181,0 days 00:02:47.435478,14,0.46736962981069907,0.5554984540953053,32,128,1.5176671640269966e-05,32,192,96,1,160,0.0002329869256081051,39.0,259778.0,167.2,COMPLETE
125,400.4444210811283,2026-06-21 06:11:00.593872,2026-06-21 06:15:02.607072,0 days 00:04:02.013200,14,0.49662230223330933,0.4866303703046113,32,96,1.0051839625666849e-05,16,96,96,1,192,0.0006395268191370314,79.0,236546.0,241.8,COMPLETE
126,382.01192307963373,2026-06-21 06:15:02.645078,2026-06-21 06:16:14.082489,0 days 00:01:11.437411,16,0.3879340262352593,0.39361559146762404,32,96,1.7035426763902017e-05,64,160,96,1,128,9.765914864146416e-05,24.0,206432.0,71.2,COMPLETE
127,397.8095689208594,2026-06-21 06:16:14.131220,2026-06-21 06:16:53.523367,0 days 00:00:39.392147,16,0.19336389918153934,0.23202038674448783,32,128,3.54418236031308e-05,64,160,96,1,64,0.0003980313241187318,5.0,184416.0,39.1,COMPLETE
128,408.316704593383,2026-06-21 06:16:53.556511,2026-06-21 06:19:02.608937,0 days 00:02:09.052426,14,0.3355059167829565,0.4822248585685908,32,96,2.0635924827835446e-05,64,128,96,1,224,4.354093348035865e-05,21.0,336194.0,128.8,COMPLETE
129,387.4176323749346,2026-06-21 06:19:02.638693,2026-06-21 06:23:23.052038,0 days 00:04:20.413345,16,0.35379585220336707,0.4498400344460304,64,128,1.0026826409549239e-05,32,256,128,1,224,0.00018899727885989136,69.0,421664.0,260.2,COMPLETE
130,392.02554923116935,2026-06-21 06:23:23.085931,2026-06-21 06:26:04.509914,0 days 00:02:41.423983,16,0.40594471899661777,0.5435474812690776,32,128,1.7339081891531104e-05,16,160,224,1,224,6.55569073694207e-05,30.0,411232.0,161.2,COMPLETE
131,411.7289574161623,2026-06-21 06:26:04.543103,2026-06-21 06:27:03.461843,0 days 00:00:58.918740,14,0.2762702892945349,0.44966457777027236,64,96,1.5488335059235424e-05,64,160,128,1,96,7.141723955576369e-05,20.0,206658.0,58.7,COMPLETE
132,421.02070911060895,2026-06-21 06:27:03.498643,2026-06-21 06:28:43.876738,0 days 00:01:40.378095,12,0.4864024630246667,0.5534242203137376,64,96,3.83223170223602e-05,16,128,224,1,192,5.460649110709839e-05,13.0,314180.0,100.1,COMPLETE
133,423.0479989020158,2026-06-21 06:28:43.909685,2026-06-21 06:30:46.987612,0 days 00:02:03.077927,14,0.3371299403154582,0.5511581581864723,32,128,3.7580065950702144e-05,16,160,256,1,256,8.57933274422129e-05,18.0,491746.0,122.8,COMPLETE
134,409.37335877533604,2026-06-21 06:30:47.022335,2026-06-21 06:32:02.849468,0 days 00:01:15.827133,16,0.3770558968706226,0.356563014526359,32,128,7.23280008428377e-05,64,160,96,1,160,6.461197663583309e-05,7.0,275040.0,75.6,COMPLETE
135,398.97382041306923,2026-06-21 06:32:02.880007,2026-06-21 06:33:46.978130,0 days 00:01:44.098123,16,0.30593614720736145,0.2762243847511043,32,32,1.0789940144419603e-05,64,96,96,2,96,0.0002880666779087786,39.0,236576.0,103.9,COMPLETE
136,409.7775501720415,2026-06-21 06:33:47.009907,2026-06-21 06:36:56.974006,0 days 00:03:09.964099,16,0.3238946964015229,0.4887395400331541,64,128,2.267035545224077e-05,16,256,96,1,256,6.022860885793927e-05,39.0,447360.0,189.7,COMPLETE
137,393.2186096816884,2026-06-21 06:36:57.008225,2026-06-21 06:40:11.464751,0 days 00:03:14.456526,16,0.38292110880578756,0.5946312196729534,64,128,1.623498290028317e-05,16,128,160,1,256,0.0001656645937262369,40.0,436032.0,194.2,COMPLETE
138,397.8939675026501,2026-06-21 06:40:11.500755,2026-06-21 06:43:50.396368,0 days 00:03:38.895613,16,0.343696203798997,0.39390260807227845,96,128,1.2053285305211894e-05,48,192,128,1,256,0.00012596150508689875,48.0,486048.0,218.6,COMPLETE
139,408.035537667983,2026-06-21 06:43:50.430822,2026-06-21 06:45:50.116641,0 days 00:01:59.685819,16,0.2985472248540838,0.519278779046001,32,128,3.1738242832785875e-05,16,128,192,1,160,5.136029238080521e-05,22.0,273184.0,119.4,COMPLETE
140,398.6684085803639,2026-06-21 06:45:50.150241,2026-06-21 06:47:05.539031,0 days 00:01:15.388790,16,0.3232661499645747,0.4023039475314016,32,128,1.2704541332614823e-05,64,128,96,1,96,0.00037918991030323735,27.0,196416.0,75.1,COMPLETE
141,401.35790994447837,2026-06-21 06:47:05.568076,2026-06-21 06:51:29.539176,0 days 00:04:23.971100,16,0.38648819324850825,0.5133614668242019,32,96,1.2592809200170108e-05,32,192,96,2,256,0.0009136736788026581,29.0,1003136.0,263.7,COMPLETE
142,415.28113594888947,2026-06-21 06:51:29.572930,2026-06-21 06:52:06.071740,0 days 00:00:36.498810,12,0.4268461953449231,0.45453299046954637,32,96,2.3998179324209937e-05,64,192,96,1,128,0.0001089020793970709,3.0,216452.0,36.3,COMPLETE
143,421.87311110688245,2026-06-21 06:52:06.105947,2026-06-21 06:56:34.358794,0 days 00:04:28.252847,14,0.4853321568550854,0.5436304660478934,64,128,1.1280315739060286e-05,16,160,96,2,256,6.192040317964026e-05,27.0,1078146.0,268.0,COMPLETE
144,414.0948336432127,2026-06-21 06:56:34.394013,2026-06-21 06:58:01.948503,0 days 00:01:27.554490,14,0.2190703098248704,0.2738603400250407,32,96,1.4537864210994408e-05,48,64,96,2,64,6.099783455757402e-05,27.0,237090.0,87.3,COMPLETE
145,400.29090983933173,2026-06-21 06:58:01.991589,2026-06-21 07:01:37.369527,0 days 00:03:35.377938,14,0.47996245401721793,0.4728795497768663,32,128,1.257655803977017e-05,48,128,128,1,224,0.00027738618835179907,47.0,371202.0,215.1,COMPLETE
146,394.2574706013825,2026-06-21 07:01:37.403689,2026-06-21 07:05:44.701937,0 days 00:04:07.298248,16,0.4375402834685501,0.520479746751278,64,128,1.4865005376884292e-05,32,192,96,1,224,0.00087764356969268,58.0,372928.0,247.0,COMPLETE
147,402.46407060133953,2026-06-21 07:05:44.730443,2026-06-21 07:07:28.984470,0 days 00:01:44.254027,16,0.43065300223889214,0.3695202736177485,32,128,3.514625904235036e-05,48,192,128,1,192,0.0008051944510483649,12.0,342560.0,104.0,COMPLETE
148,396.7837887313442,2026-06-21 07:07:29.022460,2026-06-21 07:10:39.114367,0 days 00:03:10.091907,16,0.25474569918098255,0.44577438715559287,32,128,1.2438507744633446e-05,32,224,128,1,256,0.0009631293273207514,40.0,459712.0,189.8,COMPLETE
149,409.9536368603162,2026-06-21 07:10:39.150854,2026-06-21 07:13:01.509406,0 days 00:02:22.358552,14,0.46687960870945083,0.550437562039705,32,128,2.5988956457861594e-05,16,192,192,1,224,0.00011157746072432426,25.0,413122.0,142.1,COMPLETE
150,411.1748411564112,2026-06-21 07:13:01.547262,2026-06-21 07:16:11.096268,0 days 00:03:09.549006,14,0.321140264044979,0.4362430701185176,64,96,1.1966358793429129e-05,32,256,96,1,224,0.000258596740197094,40.0,361922.0,189.3,COMPLETE
151,392.9598619770218,2026-06-21 07:16:11.130984,2026-06-21 07:21:39.671181,0 days 00:05:28.540197,16,0.3731179803338107,0.39504862915087,32,96,1.1868661451378218e-05,32,96,96,2,224,0.0004676461925340785,41.0,786976.0,328.3,COMPLETE
152,396.3176204132236,2026-06-21 07:21:39.707701,2026-06-21 07:25:42.926159,0 days 00:04:03.218458,16,0.4956927252296328,0.49627882847030286,32,96,1.527806033326659e-05,48,96,128,2,256,0.0008127680443145719,27.0,1010496.0,242.9,COMPLETE
153,401.04245021568477,2026-06-21 07:25:42.964101,2026-06-21 07:27:21.437797,0 days 00:01:38.473696,16,0.47051334190622923,0.41708442798493406,64,96,1.004209816880051e-05,48,160,96,1,128,4.6173533076252824e-05,42.0,200480.0,98.2,COMPLETE
